number,time1000000000001,78
2000000000001,55
3000000000001,53
4000000000001,45
5000000000001,35
6000000000001,33
7000000000001,55
8000000000001,14
9000000000001,45
10000000000001,55
11000000000001,33
12000000000001,60
13000000000001,34
14000000000001,74
15000000000001,78
16000000000001,80
17000000000001,105
18000000000001,136
19000000000001,114
20000000000001,66
21000000000001,25
22000000000001,109
23000000000001,73
24000000000001,112
25000000000001,100
26000000000001,90
27000000000001,78
28000000000001,46
29000000000001,93
30000000000001,32
31000000000001,98
32000000000001,109
33000000000001,129
34000000000001,77
35000000000001,111
36000000000001,104
37000000000001,63
38000000000001,124
39000000000001,106
40000000000001,115
41000000000001,107
42000000000001,41
43000000000001,45
44000000000001,67
45000000000001,136
46000000000001,67
47000000000001,69
48000000000001,51
49000000000001,139
50000000000001,113
51000000000001,69
52000000000001,83
53000000000001,51
54000000000001,82
55000000000001,91
56000000000001,121
57000000000001,119
58000000000001,104
59000000000001,160
60000000000001,155
61000000000001,148
62000000000001,155
63000000000001,182
64000000000001,85
65000000000001,108
66000000000001,98
67000000000001,227
68000000000001,86
69000000000001,93
70000000000001,124
71000000000001,85
72000000000001,125
73000000000001,144
74000000000001,191
75000000000001,144
76000000000001,136
77000000000001,153
78000000000001,156
79000000000001,147
80000000000001,89
81000000000001,100
82000000000001,123
83000000000001,179
84000000000001,120
85000000000001,107
86000000000001,103
87000000000001,156
88000000000001,173
89000000000001,128
90000000000001,161
91000000000001,129
92000000000001,140
93000000000001,141
94000000000001,142
95000000000001,99
96000000000001,163
97000000000001,128
98000000000001,169
99000000000001,141
100000000000001,159
101000000000001,177
102000000000001,198
103000000000001,144
104000000000001,108
105000000000001,153
106000000000001,165
107000000000001,101
108000000000001,144
109000000000001,159
110000000000001,219
111000000000001,221
112000000000001,158
113000000000001,155
114000000000001,178
115000000000001,208
116000000000001,153
117000000000001,162
118000000000001,123
119000000000001,124
120000000000001,138
121000000000001,131
122000000000001,117
123000000000001,132
124000000000001,232
125000000000001,180
126000000000001,186
127000000000001,155
128000000000001,148
129000000000001,140
130000000000001,153
131000000000001,140
132000000000001,144
133000000000001,129
134000000000001,134
135000000000001,292
136000000000001,200
137000000000001,124
138000000000001,118
139000000000001,151
140000000000001,208
141000000000001,221
142000000000001,194
143000000000001,156
144000000000001,151
145000000000001,148
146000000000001,114
147000000000001,119
148000000000001,128
149000000000001,207
150000000000001,227
151000000000001,216
152000000000001,210
153000000000001,192
154000000000001,158
155000000000001,212
156000000000001,225
157000000000001,206
158000000000001,236
159000000000001,224
160000000000001,139
161000000000001,116
162000000000001,258
163000000000001,145
164000000000001,134
165000000000001,197
166000000000001,186
167000000000001,198
168000000000001,194
169000000000001,248
170000000000001,233
171000000000001,203
172000000000001,158
173000000000001,248
174000000000001,122
175000000000001,171
176000000000001,175
177000000000001,257
178000000000001,238
179000000000001,203
180000000000001,243
181000000000001,191
182000000000001,174
183000000000001,343
184000000000001,247
185000000000001,133
186000000000001,165
187000000000001,263
188000000000001,220
189000000000001,146
190000000000001,139
191000000000001,180
192000000000001,261
193000000000001,229
194000000000001,269
195000000000001,239
196000000000001,282
197000000000001,253
198000000000001,210
199000000000001,182
200000000000001,123
201000000000001,122
202000000000001,198
203000000000001,197
204000000000001,221
205000000000001,189
206000000000001,262
207000000000001,197
208000000000001,268
209000000000001,254
210000000000001,259
211000000000001,222
212000000000001,270
213000000000001,277
214000000000001,276
215000000000001,165
216000000000001,231
217000000000001,204
218000000000001,254
219000000000001,199
220000000000001,187
221000000000001,256
222000000000001,265
223000000000001,195
224000000000001,296
225000000000001,189
226000000000001,180
227000000000001,172
228000000000001,189
229000000000001,185
230000000000001,125
231000000000001,121
232000000000001,184
233000000000001,135
234000000000001,324
235000000000001,278
236000000000001,265
237000000000001,387
238000000000001,262
239000000000001,241
240000000000001,283
241000000000001,257
242000000000001,294
243000000000001,380
244000000000001,236
245000000000001,280
246000000000001,297
247000000000001,308
248000000000001,320
249000000000001,333
250000000000001,302
251000000000001,385
252000000000001,336
253000000000001,265
254000000000001,193
255000000000001,228
256000000000001,306
257000000000001,295
258000000000001,287
259000000000001,321
260000000000001,258
261000000000001,434
262000000000001,270
263000000000001,253
264000000000001,260
265000000000001,262
266000000000001,298
267000000000001,264
268000000000001,360
269000000000001,213
270000000000001,285
271000000000001,177
272000000000001,238
273000000000001,263
274000000000001,178
275000000000001,233
276000000000001,239
277000000000001,237
278000000000001,374
279000000000001,249
280000000000001,238
281000000000001,182
282000000000001,256
283000000000001,253
284000000000001,250
285000000000001,187
286000000000001,240
287000000000001,383
288000000000001,253
289000000000001,258
290000000000001,287
291000000000001,264
292000000000001,275
293000000000001,183
294000000000001,256
295000000000001,320
296000000000001,265
297000000000001,315
298000000000001,323
299000000000001,298
300000000000001,248
301000000000001,262
302000000000001,328
303000000000001,251
304000000000001,259
305000000000001,268
306000000000001,264
307000000000001,253
308000000000001,260
309000000000001,266
310000000000001,217
311000000000001,263
312000000000001,193
313000000000001,267
314000000000001,266
315000000000001,188
316000000000001,234
317000000000001,268
318000000000001,251
319000000000001,380
320000000000001,265
321000000000001,272
322000000000001,273
323000000000001,253
324000000000001,198
325000000000001,272
326000000000001,280
327000000000001,388
328000000000001,264
329000000000001,258
330000000000001,279
331000000000001,262
332000000000001,282
333000000000001,261
334000000000001,197
335000000000001,390
336000000000001,280
337000000000001,284
338000000000001,194
339000000000001,268
340000000000001,287
341000000000001,215
342000000000001,282
343000000000001,202
344000000000001,345
345000000000001,272
346000000000001,272
347000000000001,288
348000000000001,309
349000000000001,273
350000000000001,202
351000000000001,202
352000000000001,287
353000000000001,216
354000000000001,397
355000000000001,221
356000000000001,292
357000000000001,284
358000000000001,291
359000000000001,271
360000000000001,215
361000000000001,289
362000000000001,335
363000000000001,242
364000000000001,299
365000000000001,327
366000000000001,235
367000000000001,294
368000000000001,301
369000000000001,237
370000000000001,436
371000000000001,218
372000000000001,304
373000000000001,302
374000000000001,314
375000000000001,294
376000000000001,282
377000000000001,403
378000000000001,286
379000000000001,334
380000000000001,312
381000000000001,281
382000000000001,298
383000000000001,412
384000000000001,283
385000000000001,301
386000000000001,304
387000000000001,283
388000000000001,211
389000000000001,255
390000000000001,305
391000000000001,427
392000000000001,286
393000000000001,290
394000000000001,304
395000000000001,297
396000000000001,295
397000000000001,404
398000000000001,286
399000000000001,296
400000000000001,302
401000000000001,217
402000000000001,304
403000000000001,275
404000000000001,221
405000000000001,427
406000000000001,231
407000000000001,299
408000000000001,314
409000000000001,304
410000000000001,322
411000000000001,353
412000000000001,405
413000000000001,288
414000000000001,332
415000000000001,326
416000000000001,392
417000000000001,330
418000000000001,317
419000000000001,437
420000000000001,323
421000000000001,264
422000000000001,339
423000000000001,335
424000000000001,268
425000000000001,323
426000000000001,459
427000000000001,345
428000000000001,331
429000000000001,373
430000000000001,323
431000000000001,239
432000000000001,445
433000000000001,323
434000000000001,330
435000000000001,325
436000000000001,327
437000000000001,323
438000000000001,432
439000000000001,303
440000000000001,258
441000000000001,323
442000000000001,363
443000000000001,458
444000000000001,458
445000000000001,425
446000000000001,238
447000000000001,324
448000000000001,331
449000000000001,328
450000000000001,329
451000000000001,435
452000000000001,235
453000000000001,335
454000000000001,332
455000000000001,310
456000000000001,311
457000000000001,312
458000000000001,244
459000000000001,485
460000000000001,255
461000000000001,253
462000000000001,324
463000000000001,331
464000000000001,319
465000000000001,334
466000000000001,472
467000000000001,247
468000000000001,320
469000000000001,244
470000000000001,336
471000000000001,340
472000000000001,320
473000000000001,477
474000000000001,338
475000000000001,340
476000000000001,338
477000000000001,325
478000000000001,337
479000000000001,471
480000000000001,247
481000000000001,329
482000000000001,348
483000000000001,320
484000000000001,342
485000000000001,485
486000000000001,348
487000000000001,245
488000000000001,324
489000000000001,349
490000000000001,247
491000000000001,359
492000000000001,508
493000000000001,327
494000000000001,350
495000000000001,332
496000000000001,254
497000000000001,270
498000000000001,333
499000000000001,519
500000000000001,348
501000000000001,327
502000000000001,258
503000000000001,293
504000000000001,336
505000000000001,263
506000000000001,247
507000000000001,344
508000000000001,479
509000000000001,343
510000000000001,357
511000000000001,357
512000000000001,338
513000000000001,497
514000000000001,254
515000000000001,368
516000000000001,259
517000000000001,358
518000000000001,253
519000000000001,368
520000000000001,375
521000000000001,458
522000000000001,347
523000000000001,376
524000000000001,265
525000000000001,363
526000000000001,360
527000000000001,504
528000000000001,355
529000000000001,266
530000000000001,363
531000000000001,361
532000000000001,315
533000000000001,359
534000000000001,542
535000000000001,364
536000000000001,358
537000000000001,363
538000000000001,343
539000000000001,459
540000000000001,280
541000000000001,366
542000000000001,370
543000000000001,348
544000000000001,362
545000000000001,457
546000000000001,360
547000000000001,351
548000000000001,372
549000000000001,356
550000000000001,534
551000000000001,360
552000000000001,364
553000000000001,371
554000000000001,264
555000000000001,370
556000000000001,526
557000000000001,364
558000000000001,348
559000000000001,280
560000000000001,345
561000000000001,294
562000000000001,355
563000000000001,478
564000000000001,354
565000000000001,377
566000000000001,361
567000000000001,406
568000000000001,618
569000000000001,281
570000000000001,366
571000000000001,362
572000000000001,290
573000000000001,353
574000000000001,487
575000000000001,318
576000000000001,290
577000000000001,457
578000000000001,563
579000000000001,332
580000000000001,452
581000000000001,418
582000000000001,415
583000000000001,494
584000000000001,700
585000000000001,424
586000000000001,386
587000000000001,403
588000000000001,367
589000000000001,401
590000000000001,667
591000000000001,555
592000000000001,451
593000000000001,455
594000000000001,427
595000000000001,546
596000000000001,384
597000000000001,377
598000000000001,406
599000000000001,383
600000000000001,484
601000000000001,367
602000000000001,383
603000000000001,385
604000000000001,371
605000000000001,342
606000000000001,678
607000000000001,406
608000000000001,286
609000000000001,369
610000000000001,379
611000000000001,375
612000000000001,395
613000000000001,575
614000000000001,314
615000000000001,396
616000000000001,287
617000000000001,399
618000000000001,398
619000000000001,630
620000000000001,393
621000000000001,380
622000000000001,391
623000000000001,389
624000000000001,598
625000000000001,377
626000000000001,387
627000000000001,398
628000000000001,373
629000000000001,550
630000000000001,378
631000000000001,396
632000000000001,391
633000000000001,401
634000000000001,294
635000000000001,579
636000000000001,407
637000000000001,383
638000000000001,393
639000000000001,399
640000000000001,514
641000000000001,411
642000000000001,390
643000000000001,304
644000000000001,294
645000000000001,397
646000000000001,532
647000000000001,373
648000000000001,373
649000000000001,396
650000000000001,307
651000000000001,411
652000000000001,568
653000000000001,403
654000000000001,403
655000000000001,293
656000000000001,395
657000000000001,595
658000000000001,408
659000000000001,413
660000000000001,401
661000000000001,405
662000000000001,301
663000000000001,544
664000000000001,400
665000000000001,298
666000000000001,402
667000000000001,481
668000000000001,586
669000000000001,301
670000000000001,411
671000000000001,289
672000000000001,295
673000000000001,305
674000000000001,355
675000000000001,307
676000000000001,412
677000000000001,533
678000000000001,413
679000000000001,387
680000000000001,294
681000000000001,395
682000000000001,403
683000000000001,603
684000000000001,410
685000000000001,421
686000000000001,297
687000000000001,357
688000000000001,422
689000000000001,613
690000000000001,413
691000000000001,418
692000000000001,415
693000000000001,560
694000000000001,452
695000000000001,402
696000000000001,420
697000000000001,439
698000000000001,546
699000000000001,496
700000000000001,462
701000000000001,332
702000000000001,351
703000000000001,424
704000000000001,615
705000000000001,418
706000000000001,327
707000000000001,402
708000000000001,308
709000000000001,417
710000000000001,548
711000000000001,404
712000000000001,427
713000000000001,406
714000000000001,311
715000000000001,328
716000000000001,593
717000000000001,416
718000000000001,437
719000000000001,429
720000000000001,311
721000000000001,315
722000000000001,446
723000000000001,577
724000000000001,510
725000000000001,533
726000000000001,436
727000000000001,563
728000000000001,469
729000000000001,443
730000000000001,470
731000000000001,420
732000000000001,600
733000000000001,331
734000000000001,339
735000000000001,437
736000000000001,417
737000000000001,406
738000000000001,623
739000000000001,413
740000000000001,420
741000000000001,450
742000000000001,430
743000000000001,332
744000000000001,421
745000000000001,619
746000000000001,442
747000000000001,464
748000000000001,594
749000000000001,611
750000000000001,613
751000000000001,420
752000000000001,419
753000000000001,433
754000000000001,427
755000000000001,332
756000000000001,500
757000000000001,493
758000000000001,390
759000000000001,605
760000000000001,659
761000000000001,388
762000000000001,521
763000000000001,446
764000000000001,500
765000000000001,488
766000000000001,613
767000000000001,431
768000000000001,507
769000000000001,371
770000000000001,427
771000000000001,361
772000000000001,444
773000000000001,373
774000000000001,628
775000000000001,350
776000000000001,468
777000000000001,472
778000000000001,463
779000000000001,687
780000000000001,445
781000000000001,465
782000000000001,471
783000000000001,484
784000000000001,688
785000000000001,422
786000000000001,462
787000000000001,464
788000000000001,341
789000000000001,605
790000000000001,452
791000000000001,453
792000000000001,452
793000000000001,341
794000000000001,584
795000000000001,443
796000000000001,343
797000000000001,432
798000000000001,400
799000000000001,476
800000000000001,693
801000000000001,456
802000000000001,432
803000000000001,358
804000000000001,364
805000000000001,632
806000000000001,369
807000000000001,431
808000000000001,457
809000000000001,467
810000000000001,621
811000000000001,449
812000000000001,340
813000000000001,428
814000000000001,462
815000000000001,666
816000000000001,439
817000000000001,452
818000000000001,366
819000000000001,471
820000000000001,704
821000000000001,593
822000000000001,579
823000000000001,445
824000000000001,386
825000000000001,627
826000000000001,740
827000000000001,472
828000000000001,629
829000000000001,545
830000000000001,477
831000000000001,506
832000000000001,650
833000000000001,504
834000000000001,454
835000000000001,347
836000000000001,415
837000000000001,510
838000000000001,577
839000000000001,462
840000000000001,445
841000000000001,436
842000000000001,343
843000000000001,336
844000000000001,563
845000000000001,347
846000000000001,378
847000000000001,499
848000000000001,344
849000000000001,478
850000000000001,471
851000000000001,612
852000000000001,470
853000000000001,460
854000000000001,442
855000000000001,675
856000000000001,467
857000000000001,439
858000000000001,521
859000000000001,434
860000000000001,388
861000000000001,588
862000000000001,368
863000000000001,750
864000000000001,534
865000000000001,602
866000000000001,575
867000000000001,664
868000000000001,476
869000000000001,362
870000000000001,458
871000000000001,477
872000000000001,766
873000000000001,495
874000000000001,462
875000000000001,468
876000000000001,360
877000000000001,487
878000000000001,629
879000000000001,501
880000000000001,511
881000000000001,346
882000000000001,479
883000000000001,635
884000000000001,450
885000000000001,372
886000000000001,475
887000000000001,363
888000000000001,384
889000000000001,369
890000000000001,674
891000000000001,568
892000000000001,555
893000000000001,587
894000000000001,496
895000000000001,587
896000000000001,662
897000000000001,486
898000000000001,573
899000000000001,575
900000000000001,612
901000000000001,345
902000000000001,460
903000000000001,475
904000000000001,468
905000000000001,698
906000000000001,477
907000000000001,481
908000000000001,481
909000000000001,683
910000000000001,472
911000000000001,462
912000000000001,405
913000000000001,466
914000000000001,485
915000000000001,482
916000000000001,489
917000000000001,477
918000000000001,666
919000000000001,488
920000000000001,504
921000000000001,486
922000000000001,629
923000000000001,478
924000000000001,471
925000000000001,485
926000000000001,368
927000000000001,667
928000000000001,476
929000000000001,476
930000000000001,365
931000000000001,494
932000000000001,362
933000000000001,721
934000000000001,467
935000000000001,491
936000000000001,491
937000000000001,589
938000000000001,470
939000000000001,475
940000000000001,512
941000000000001,470
942000000000001,372
943000000000001,719
944000000000001,471
945000000000001,476
946000000000001,533
947000000000001,595
948000000000001,465
949000000000001,499
950000000000001,391
951000000000001,715
952000000000001,473
953000000000001,470
954000000000001,502
955000000000001,471
956000000000001,727
957000000000001,491
958000000000001,364
959000000000001,492
960000000000001,496
961000000000001,589
962000000000001,498
963000000000001,501
964000000000001,492
965000000000001,591
966000000000001,480
967000000000001,568
968000000000001,480
969000000000001,515
970000000000001,665
971000000000001,488
972000000000001,569
973000000000001,520
974000000000001,434
975000000000001,733
976000000000001,569
977000000000001,578
978000000000001,569
979000000000001,727
980000000000001,471
981000000000001,572
982000000000001,490
983000000000001,483
984000000000001,606
985000000000001,496
986000000000001,508
987000000000001,480
988000000000001,717
989000000000001,703
990000000000001,540
991000000000001,508
992000000000001,697
993000000000001,503
994000000000001,511
995000000000001,507
996000000000001,728
997000000000001,503
998000000000001,374
999000000000001,515
1000000000000001,393
1001000000000001,516
1002000000000001,618
1003000000000001,530
1004000000000001,516
1005000000000001,654
1006000000000001,394
1007000000000001,498
1008000000000001,482
1009000000000001,507
1010000000000001,686
1011000000000001,511
1012000000000001,498
1013000000000001,522
1014000000000001,718
1015000000000001,509
1016000000000001,378
1017000000000001,383
1018000000000001,513
1019000000000001,715
1020000000000001,511
1021000000000001,509
1022000000000001,538
1023000000000001,432
1024000000000001,884
1025000000000001,482
1026000000000001,505
1027000000000001,692
1028000000000001,406
1029000000000001,518
1030000000000001,497
1031000000000001,513
1032000000000001,430
1033000000000001,375
1034000000000001,495
1035000000000001,381
1036000000000001,523
1037000000000001,517
1038000000000001,675
1039000000000001,513
1040000000000001,524
1041000000000001,517
1042000000000001,677
1043000000000001,405
1044000000000001,529
1045000000000001,528
1046000000000001,504
1047000000000001,636
1048000000000001,524
1049000000000001,502
1050000000000001,527
1051000000000001,725
1052000000000001,533
1053000000000001,522
1054000000000001,756
1055000000000001,518
1056000000000001,522
1057000000000001,531
1058000000000001,731
1059000000000001,381
1060000000000001,552
1061000000000001,380
1062000000000001,541
1063000000000001,549
1064000000000001,775
1065000000000001,499
1066000000000001,532
1067000000000001,528
1068000000000001,604
1069000000000001,500
1070000000000001,495
1071000000000001,512
1072000000000001,394
1073000000000001,534
1074000000000001,520
1075000000000001,404
1076000000000001,524
1077000000000001,511
1078000000000001,408
1079000000000001,746
1080000000000001,530
1081000000000001,440
1082000000000001,546
1083000000000001,762
1084000000000001,587
1085000000000001,542
1086000000000001,507
1087000000000001,679
1088000000000001,401
1089000000000001,536
1090000000000001,534
1091000000000001,417
1092000000000001,753
1093000000000001,500
1094000000000001,597
1095000000000001,453
1096000000000001,571
1097000000000001,430
1098000000000001,659
1099000000000001,509
1100000000000001,557
1101000000000001,583
1102000000000001,648
1103000000000001,567
1104000000000001,569
1105000000000001,554
1106000000000001,730
1107000000000001,538
1108000000000001,545
1109000000000001,538
1110000000000001,644
1111000000000001,538
1112000000000001,412
1113000000000001,540
1114000000000001,541
1115000000000001,765
1116000000000001,562
1117000000000001,424
1118000000000001,403
1119000000000001,540
1120000000000001,641
1121000000000001,395
1122000000000001,548
1123000000000001,488
1124000000000001,414
1125000000000001,451
1126000000000001,472
1127000000000001,439
1128000000000001,665
1129000000000001,429
1130000000000001,549
1131000000000001,532
1132000000000001,757
1133000000000001,453
1134000000000001,643
1135000000000001,539
1136000000000001,486
1137000000000001,652
1138000000000001,355
1139000000000001,423
1140000000000001,526
1141000000000001,503
1142000000000001,397
1143000000000001,640
1144000000000001,506
1145000000000001,365
1146000000000001,496
1147000000000001,571
1148000000000001,775
1149000000000001,566
1150000000000001,420
1151000000000001,531
1152000000000001,728
1153000000000001,615
1154000000000001,459
1155000000000001,476
1156000000000001,436
1157000000000001,347
1158000000000001,788
1159000000000001,661
1160000000000001,601
1161000000000001,347
1162000000000001,680
1163000000000001,640
1164000000000001,628
1165000000000001,748
1166000000000001,925
1167000000000001,761
1168000000000001,627
1169000000000001,522
1170000000000001,560
1171000000000001,769
1172000000000001,408
1173000000000001,578
1174000000000001,568
1175000000000001,450
1176000000000001,416
1177000000000001,757
1178000000000001,552
1179000000000001,584
1180000000000001,578
1181000000000001,782
1182000000000001,508
1183000000000001,563
1184000000000001,576
1185000000000001,471
1186000000000001,863
1187000000000001,681
1188000000000001,642
1189000000000001,767
1190000000000001,434
1191000000000001,575
1192000000000001,575
1193000000000001,680
1194000000000001,806
1195000000000001,621
1196000000000001,641
1197000000000001,855
1198000000000001,603
1199000000000001,401
1200000000000001,565
1201000000000001,557
1202000000000001,767
1203000000000001,570
1204000000000001,555
1205000000000001,715
1206000000000001,1029
1207000000000001,435
1208000000000001,649
1209000000000001,443
1210000000000001,629
1211000000000001,849
1212000000000001,732
1213000000000001,490
1214000000000001,683
1215000000000001,884
1216000000000001,1103
1217000000000001,671
1218000000000001,698
1219000000000001,839
1220000000000001,844
1221000000000001,1081
1222000000000001,819
1223000000000001,522
1224000000000001,555
1225000000000001,712
1226000000000001,590
1227000000000001,1040
1228000000000001,1119
1229000000000001,954
1230000000000001,1048
1231000000000001,1113
1232000000000001,841
1233000000000001,1229
1234000000000001,893
1235000000000001,978
1236000000000001,1165
1237000000000001,833
1238000000000001,938
1239000000000001,1310
1240000000000001,954
1241000000000001,1097
1242000000000001,971
1243000000000001,1007
1244000000000001,564
1245000000000001,561
1246000000000001,405
1247000000000001,517
1248000000000001,720
1249000000000001,552
1250000000000001,554
1251000000000001,734
1252000000000001,550
1253000000000001,562
1254000000000001,526
1255000000000001,681
1256000000000001,552
1257000000000001,414
1258000000000001,547
1259000000000001,739
1260000000000001,466
1261000000000001,617
1262000000000001,884
1263000000000001,1320
1264000000000001,1088
1265000000000001,1109
1266000000000001,1215
1267000000000001,775
1268000000000001,886
1269000000000001,1208
1270000000000001,1198
1271000000000001,1070
1272000000000001,1224
1273000000000001,1415
1274000000000001,909
1275000000000001,1101
1276000000000001,1043
1277000000000001,1449
1278000000000001,1275
1279000000000001,1218
1280000000000001,1131
1281000000000001,925
1282000000000001,1148
1283000000000001,538
1284000000000001,568
1285000000000001,893
1286000000000001,904
1287000000000001,1209
1288000000000001,992
1289000000000001,563
1290000000000001,736
1291000000000001,402
1292000000000001,448
1293000000000001,571
1294000000000001,1140
1295000000000001,1300
1296000000000001,926
1297000000000001,1128
1298000000000001,1051
1299000000000001,1249
1300000000000001,1163
1301000000000001,1059
1302000000000001,1127
1303000000000001,1241
1304000000000001,1114
1305000000000001,1241
1306000000000001,1524
1307000000000001,1204
1308000000000001,874
1309000000000001,1215
1310000000000001,1284
1311000000000001,1089
1312000000000001,1095
1313000000000001,526
1314000000000001,600
1315000000000001,511
1316000000000001,574
1317000000000001,886
1318000000000001,780
1319000000000001,685
1320000000000001,908
1321000000000001,1021
1322000000000001,819
1323000000000001,848
1324000000000001,885
1325000000000001,601
1326000000000001,788
1327000000000001,871
1328000000000001,690
1329000000000001,796
1330000000000001,530
1331000000000001,944
1332000000000001,732
1333000000000001,590
1334000000000001,541
1335000000000001,829
1336000000000001,559
1337000000000001,702
1338000000000001,881
1339000000000001,607
1340000000000001,802
1341000000000001,767
1342000000000001,713
1343000000000001,704
1344000000000001,604
1345000000000001,730
1346000000000001,737
1347000000000001,679
1348000000000001,1042
1349000000000001,677
1350000000000001,636
1351000000000001,901
1352000000000001,627
1353000000000001,759
1354000000000001,615
1355000000000001,555
1356000000000001,732
1357000000000001,891
1358000000000001,561
1359000000000001,716
1360000000000001,940
1361000000000001,901
1362000000000001,596
1363000000000001,674
1364000000000001,440
1365000000000001,612
1366000000000001,1204
1367000000000001,585
1368000000000001,551
1369000000000001,474
1370000000000001,822
1371000000000001,417
1372000000000001,593
1373000000000001,928
1374000000000001,1081
1375000000000001,603
1376000000000001,559
1377000000000001,488
1378000000000001,740
1379000000000001,704
1380000000000001,857
1381000000000001,671
1382000000000001,1157
1383000000000001,986
1384000000000001,780
1385000000000001,779
1386000000000001,667
1387000000000001,848
1388000000000001,639
1389000000000001,596
1390000000000001,524
1391000000000001,1033
1392000000000001,580
1393000000000001,571
1394000000000001,426
1395000000000001,808
1396000000000001,568
1397000000000001,641
1398000000000001,688
1399000000000001,431
1400000000000001,939
1401000000000001,1031
1402000000000001,684
1403000000000001,505
1404000000000001,861
1405000000000001,668
1406000000000001,514
1407000000000001,581
1408000000000001,696
1409000000000001,587
1410000000000001,530
1411000000000001,587
1412000000000001,555
1413000000000001,652
1414000000000001,472
1415000000000001,693
1416000000000001,670
1417000000000001,617
1418000000000001,870
1419000000000001,581
1420000000000001,653
1421000000000001,649
1422000000000001,911
1423000000000001,654
1424000000000001,598
1425000000000001,820
1426000000000001,1099
1427000000000001,892
1428000000000001,766
1429000000000001,869
1430000000000001,864
1431000000000001,635
1432000000000001,625
1433000000000001,665
1434000000000001,754
1435000000000001,960
1436000000000001,971
1437000000000001,741
1438000000000001,699
1439000000000001,1052
1440000000000001,694
1441000000000001,726
1442000000000001,696
1443000000000001,667
1444000000000001,955
1445000000000001,801
1446000000000001,626
1447000000000001,694
1448000000000001,1044
1449000000000001,813
1450000000000001,854
1451000000000001,1036
1452000000000001,807
1453000000000001,847
1454000000000001,1083
1455000000000001,790
1456000000000001,660
1457000000000001,851
1458000000000001,832
1459000000000001,1033
1460000000000001,772
1461000000000001,862
1462000000000001,680
1463000000000001,1072
1464000000000001,788
1465000000000001,806
1466000000000001,978
1467000000000001,791
1468000000000001,818
1469000000000001,624
1470000000000001,1074
1471000000000001,623
1472000000000001,800
1473000000000001,839
1474000000000001,792
1475000000000001,904
1476000000000001,801
1477000000000001,662
1478000000000001,823
1479000000000001,631
1480000000000001,650
1481000000000001,816
1482000000000001,630
1483000000000001,787
1484000000000001,628
1485000000000001,645
1486000000000001,1065
1487000000000001,805
1488000000000001,849
1489000000000001,1169
1490000000000001,835
1491000000000001,862
1492000000000001,718
1493000000000001,883
1494000000000001,564
1495000000000001,703
1496000000000001,510
1497000000000001,874
1498000000000001,682
1499000000000001,661
1500000000000001,942
1501000000000001,618
1502000000000001,665
1503000000000001,665
1504000000000001,900
1505000000000001,874
1506000000000001,725
1507000000000001,733
1508000000000001,930
1509000000000001,928
1510000000000001,878
1511000000000001,1060
1512000000000001,652
1513000000000001,820
1514000000000001,675
1515000000000001,631
1516000000000001,827
1517000000000001,957
1518000000000001,496
1519000000000001,602
1520000000000001,632
1521000000000001,474
1522000000000001,860
1523000000000001,685
1524000000000001,502
1525000000000001,610
1526000000000001,484
1527000000000001,467
1528000000000001,466
1529000000000001,1036
1530000000000001,715
1531000000000001,701
1532000000000001,902
1533000000000001,667
1534000000000001,611
1535000000000001,852
1536000000000001,625
1537000000000001,475
1538000000000001,624
1539000000000001,837
1540000000000001,556
1541000000000001,486
1542000000000001,633
1543000000000001,640
1544000000000001,798
1545000000000001,490
1546000000000001,465
1547000000000001,641
1548000000000001,958
1549000000000001,692
1550000000000001,504
1551000000000001,604
1552000000000001,543
1553000000000001,471
1554000000000001,970
1555000000000001,628
1556000000000001,596
1557000000000001,1194
1558000000000001,1065
1559000000000001,1076
1560000000000001,941
1561000000000001,1071
1562000000000001,474
1563000000000001,967
1564000000000001,1067
1565000000000001,993
1566000000000001,1127
1567000000000001,1016
1568000000000001,475
1569000000000001,1058
1570000000000001,1030
1571000000000001,731
1572000000000001,490
1573000000000001,722
1574000000000001,761
1575000000000001,987
1576000000000001,1080
1577000000000001,1067
1578000000000001,1304
1579000000000001,1034
1580000000000001,973
1581000000000001,1106
1582000000000001,1035
1583000000000001,1165
1584000000000001,1040
1585000000000001,1076
1586000000000001,1084
1587000000000001,1314
1588000000000001,1002
1589000000000001,695
1590000000000001,613
1591000000000001,1126
1592000000000001,648
1593000000000001,873
1594000000000001,1013
1595000000000001,1240
1596000000000001,997
1597000000000001,688
1598000000000001,1285
1599000000000001,1306
1600000000000001,1008
1601000000000001,757
1602000000000001,1045
1603000000000001,755
1604000000000001,957
1605000000000001,1048
1606000000000001,1068
1607000000000001,1075
1608000000000001,973
1609000000000001,971
1610000000000001,978
1611000000000001,484
1612000000000001,1069
1613000000000001,971
1614000000000001,781
1615000000000001,1014
1616000000000001,606
1617000000000001,1512
1618000000000001,1019
1619000000000001,1100
1620000000000001,1141
1621000000000001,1114
1622000000000001,984
1623000000000001,785
1624000000000001,780
1625000000000001,779
1626000000000001,1027
1627000000000001,1015
1628000000000001,972
1629000000000001,977
1630000000000001,931
1631000000000001,1041
1632000000000001,906
1633000000000001,483
1634000000000001,1260
1635000000000001,1067
1636000000000001,1079
1637000000000001,1102
1638000000000001,1147
1639000000000001,1062
1640000000000001,1078
1641000000000001,1143
1642000000000001,1105
1643000000000001,1103
1644000000000001,1168
1645000000000001,1117
1646000000000001,813
1647000000000001,1096
1648000000000001,1016
1649000000000001,501
1650000000000001,1032
1651000000000001,1070
1652000000000001,1030
1653000000000001,1059
1654000000000001,1035
1655000000000001,1009
1656000000000001,1035
1657000000000001,1014
1658000000000001,1113
1659000000000001,990
1660000000000001,1054
1661000000000001,488
1662000000000001,1075
1663000000000001,1018
1664000000000001,1048
1665000000000001,897
1666000000000001,1065
1667000000000001,979
1668000000000001,1079
1669000000000001,1029
1670000000000001,791
1671000000000001,1220
1672000000000001,1134
1673000000000001,1075
1674000000000001,1129
1675000000000001,1086
1676000000000001,523
1677000000000001,1102
1678000000000001,1047
1679000000000001,908
1680000000000001,502
1681000000000001,1150
1682000000000001,594
1683000000000001,1218
1684000000000001,1000
1685000000000001,834
1686000000000001,706
1687000000000001,700
1688000000000001,1040
1689000000000001,584
1690000000000001,1465
1691000000000001,1100
1692000000000001,967
1693000000000001,1028
1694000000000001,1049
1695000000000001,968
1696000000000001,1007
1697000000000001,425
1698000000000001,1027
1699000000000001,925
1700000000000001,984
1701000000000001,1087884
1702000000000001,888
1703000000000001,1086
1704000000000001,912
1705000000000001,1019
1706000000000001,1068
1707000000000001,984
1708000000000001,1064
1709000000000001,893
1710000000000001,1160
1711000000000001,930
1712000000000001,1136
1713000000000001,991
1714000000000001,1109
1715000000000001,1082
1716000000000001,1152
1717000000000001,1031
1718000000000001,965
1719000000000001,959
1720000000000001,972
1721000000000001,1056
1722000000000001,964
1723000000000001,1049
1724000000000001,1056
1725000000000001,1083
1726000000000001,942
1727000000000001,703
1728000000000001,609
1729000000000001,478
1730000000000001,770
1731000000000001,1087
1732000000000001,1102
1733000000000001,969
1734000000000001,1090
1735000000000001,960
1736000000000001,1081
1737000000000001,448
1738000000000001,1203
1739000000000001,792
1740000000000001,1115
1741000000000001,1034
1742000000000001,1125
1743000000000001,985
1744000000000001,990
1745000000000001,445
1746000000000001,1066
1747000000000001,732
1748000000000001,898
1749000000000001,1000
1750000000000001,408
1751000000000001,418
1752000000000001,1022
1753000000000001,925
1754000000000001,1089
1755000000000001,849
1756000000000001,1009
1757000000000001,883
1758000000000001,529
1759000000000001,761
1760000000000001,966
1761000000000001,956
1762000000000001,617
1763000000000001,1120
1764000000000001,922
1765000000000001,928
1766000000000001,1042
1767000000000001,935
1768000000000001,1063
1769000000000001,409
1770000000000001,562
1771000000000001,1143
1772000000000001,986
1773000000000001,787
1774000000000001,1242
1775000000000001,449
1776000000000001,639
1777000000000001,1284
1778000000000001,1188
1779000000000001,895
1780000000000001,995
1781000000000001,912
1782000000000001,1082
1783000000000001,1038
1784000000000001,1069
1785000000000001,1241
1786000000000001,1154
1787000000000001,1305
1788000000000001,1154
1789000000000001,894
1790000000000001,1110
1791000000000001,1094
1792000000000001,857
1793000000000001,1088
1794000000000001,1007
1795000000000001,654
1796000000000001,821
1797000000000001,1179
1798000000000001,821
1799000000000001,1502
1800000000000001,1175
1801000000000001,1066
1802000000000001,1140
1803000000000001,918
1804000000000001,1147
1805000000000001,967
1806000000000001,1122
1807000000000001,1311
1808000000000001,742
1809000000000001,1352
1810000000000001,1070
1811000000000001,1305
1812000000000001,686
1813000000000001,1346
1814000000000001,1322
1815000000000001,1288
1816000000000001,933
1817000000000001,1283
1818000000000001,1384
1819000000000001,1123
1820000000000001,1368
1821000000000001,1304
1822000000000001,1395
1823000000000001,1145
1824000000000001,690
1825000000000001,1291
1826000000000001,1594
1827000000000001,1285
1828000000000001,1375
1829000000000001,983
1830000000000001,1251
1831000000000001,1325
1832000000000001,988
1833000000000001,1261
1834000000000001,1341
1835000000000001,1252
1836000000000001,1454
1837000000000001,1426
1838000000000001,721
1839000000000001,1241
1840000000000001,1308
1841000000000001,895
1842000000000001,1624
1843000000000001,1532
1844000000000001,1544
1845000000000001,1310
1846000000000001,1488
1847000000000001,1157
1848000000000001,1353
1849000000000001,1374
1850000000000001,1192
1851000000000001,1340
1852000000000001,1248
1853000000000001,1241
1854000000000001,1306
1855000000000001,1446
1856000000000001,1280
1857000000000001,1355
1858000000000001,1248
1859000000000001,1211
1860000000000001,1359
1861000000000001,1207
1862000000000001,1359
1863000000000001,1359
1864000000000001,1303
1865000000000001,1293
1866000000000001,1320
1867000000000001,1260
1868000000000001,1518
1869000000000001,692
1870000000000001,1308
1871000000000001,1367
1872000000000001,1421
1873000000000001,1487
1874000000000001,1168
1875000000000001,1363
1876000000000001,1588
1877000000000001,1359
1878000000000001,1446
1879000000000001,1320
1880000000000001,1161
1881000000000001,825
1882000000000001,732
1883000000000001,1485
1884000000000001,1433
1885000000000001,1719
1886000000000001,1161
1887000000000001,1508
1888000000000001,1193
1889000000000001,1481
1890000000000001,1204
1891000000000001,1405
1892000000000001,1374
1893000000000001,1380
1894000000000001,1089
1895000000000001,1783
1896000000000001,1476
1897000000000001,736
1898000000000001,923
1899000000000001,1366
1900000000000001,1534
1901000000000001,1352
1902000000000001,955
1903000000000001,1191
1904000000000001,1773
1905000000000001,1477
1906000000000001,1338
1907000000000001,1379
1908000000000001,1027
1909000000000001,1620
1910000000000001,808
1911000000000001,1380
1912000000000001,758
1913000000000001,1402
1914000000000001,1350
1915000000000001,1137
1916000000000001,1300
1917000000000001,1297
1918000000000001,705
1919000000000001,846
1920000000000001,1733
1921000000000001,1286
1922000000000001,1298
1923000000000001,1421
1924000000000001,704
1925000000000001,852
1926000000000001,1533
1927000000000001,1070
1928000000000001,1335
1929000000000001,715
1930000000000001,1334
1931000000000001,1601
1932000000000001,1452
1933000000000001,1514
1934000000000001,1505
1935000000000001,1319
1936000000000001,1015
1937000000000001,1087
1938000000000001,1423
1939000000000001,1472
1940000000000001,1481
1941000000000001,1316
1942000000000001,1402
1943000000000001,724
1944000000000001,1207
1945000000000001,1357
1946000000000001,1094
1947000000000001,1340
1948000000000001,1309
1949000000000001,1323
1950000000000001,1347
1951000000000001,1333
1952000000000001,1342
1953000000000001,1298
1954000000000001,1245
1955000000000001,1315
1956000000000001,1337
1957000000000001,1364
1958000000000001,1427
1959000000000001,1629
1960000000000001,1400
1961000000000001,1626
1962000000000001,1590
1963000000000001,1420
1964000000000001,753
1965000000000001,1456
1966000000000001,1733
1967000000000001,1073
1968000000000001,1589
1969000000000001,1460
1970000000000001,1423
1971000000000001,1618
1972000000000001,1576
1973000000000001,1437
1974000000000001,1483
1975000000000001,1499
1976000000000001,1526
1977000000000001,846
1978000000000001,1511
1979000000000001,1005
1980000000000001,1320
1981000000000001,1354
1982000000000001,1342
1983000000000001,782
1984000000000001,765
1985000000000001,1255
1986000000000001,1353
1987000000000001,1344
1988000000000001,1339
1989000000000001,1374
1990000000000001,1306
1991000000000001,1361
1992000000000001,1278
1993000000000001,730
1994000000000001,1434
1995000000000001,1329
1996000000000001,1356
1997000000000001,1399
1998000000000001,1354
1999000000000001,1325
2000000000000001,1338
2001000000000001,873
2002000000000001,1239
2003000000000001,1820
2004000000000001,1434
2005000000000001,790
2006000000000001,1279
2007000000000001,1466
2008000000000001,1271
2009000000000001,762
2010000000000001,844
2011000000000001,1717
2012000000000001,1614
2013000000000001,1389
2014000000000001,1444
2015000000000001,1358
2016000000000001,1538
2017000000000001,1468
2018000000000001,1379
2019000000000001,886
2020000000000001,1622
2021000000000001,1357
2022000000000001,1102
2023000000000001,1363
2024000000000001,1377
2025000000000001,1300
2026000000000001,1416
2027000000000001,1278
2028000000000001,1492
2029000000000001,1713
2030000000000001,1411
2031000000000001,1383
2032000000000001,1400
2033000000000001,1383
2034000000000001,1323
2035000000000001,1368
2036000000000001,1305
2037000000000001,1575
2038000000000001,1414
2039000000000001,1372
2040000000000001,1411
2041000000000001,1460
2042000000000001,1299
2043000000000001,941
2044000000000001,1708
2045000000000001,915
2046000000000001,1634
2047000000000001,908
2048000000000001,1371
2049000000000001,1500
2050000000000001,1342
2051000000000001,1399
2052000000000001,1407
2053000000000001,1425
2054000000000001,744
2055000000000001,1032
2056000000000001,1064
2057000000000001,1934
2058000000000001,1546
2059000000000001,1474
2060000000000001,1494
2061000000000001,1300
2062000000000001,1490
2063000000000001,1602
2064000000000001,1333
2065000000000001,1228
2066000000000001,1085
2067000000000001,767
2068000000000001,858
2069000000000001,1398
2070000000000001,1445
2071000000000001,1187
2072000000000001,775
2073000000000001,1028
2074000000000001,1101
2075000000000001,1412
2076000000000001,1397
2077000000000001,1372
2078000000000001,1168
2079000000000001,1382
2080000000000001,806
2081000000000001,1260
2082000000000001,1464
2083000000000001,1190
2084000000000001,1306
2085000000000001,1675
2086000000000001,1468
2087000000000001,1559
2088000000000001,1467
2089000000000001,1578
2090000000000001,1473
2091000000000001,1302
2092000000000001,1524
2093000000000001,1430
2094000000000001,1411
2095000000000001,1122
2096000000000001,1538
2097000000000001,1337
2098000000000001,1397
2099000000000001,1301
2100000000000001,1059
2101000000000001,1376
2102000000000001,1665
2103000000000001,1465
2104000000000001,1366
2105000000000001,1226
2106000000000001,1196
2107000000000001,1381
2108000000000001,1341
2109000000000001,1295
2110000000000001,1500
2111000000000001,1504
2112000000000001,1356
2113000000000001,1344
2114000000000001,1571
2115000000000001,1545
2116000000000001,1621
2117000000000001,1544
2118000000000001,759
2119000000000001,1568
2120000000000001,1632
2121000000000001,1552
2122000000000001,1375
2123000000000001,1457
2124000000000001,1546
2125000000000001,1360
2126000000000001,1591
2127000000000001,940
2128000000000001,1676
2129000000000001,1467
2130000000000001,1398
2131000000000001,1486
2132000000000001,799
2133000000000001,1476
2134000000000001,818
2135000000000001,1831
2136000000000001,1408
2137000000000001,762
2138000000000001,768
2139000000000001,1407
2140000000000001,1348
2141000000000001,1423
2142000000000001,1067
2143000000000001,1380
2144000000000001,1334
2145000000000001,883
2146000000000001,1653
2147000000000001,1661
2148000000000001,1462
2149000000000001,1786
2150000000000001,1277
2151000000000001,1477
2152000000000001,785
2153000000000001,1667
2154000000000001,1495
2155000000000001,1590
2156000000000001,1443
2157000000000001,1389
2158000000000001,1575
2159000000000001,1391
2160000000000001,1440
2161000000000001,1506
2162000000000001,1380
2163000000000001,1441
2164000000000001,1541
2165000000000001,1103
2166000000000001,826
2167000000000001,1553
2168000000000001,783
2169000000000001,1364
2170000000000001,1358
2171000000000001,1336
2172000000000001,1470
2173000000000001,1409
2174000000000001,1307
2175000000000001,1347
2176000000000001,1487
2177000000000001,1503
2178000000000001,1412
2179000000000001,1815
2180000000000001,1659
2181000000000001,1594
2182000000000001,962
2183000000000001,1740
2184000000000001,1428
2185000000000001,1627
2186000000000001,1009
2187000000000001,1591
2188000000000001,1467
2189000000000001,1408
2190000000000001,1524
2191000000000001,1365
2192000000000001,1542
2193000000000001,790
2194000000000001,1521
2195000000000001,1403
2196000000000001,784
2197000000000001,1346
2198000000000001,773
2199000000000001,773
2200000000000001,1484
2201000000000001,1446
2202000000000001,1463
2203000000000001,1352
2204000000000001,1233
2205000000000001,1290
2206000000000001,1399
2207000000000001,1355
2208000000000001,1451
2209000000000001,1152
2210000000000001,1590
2211000000000001,1579
2212000000000001,910
2213000000000001,1599
2214000000000001,1572
2215000000000001,1537
2216000000000001,852
2217000000000001,1409
2218000000000001,931
2219000000000001,1658
2220000000000001,1615
2221000000000001,1293
2222000000000001,1044
2223000000000001,1585
2224000000000001,1626
2225000000000001,836
2226000000000001,1499
2227000000000001,1643
2228000000000001,1607
2229000000000001,1503
2230000000000001,1490
2231000000000001,1506
2232000000000001,1379
2233000000000001,1554
2234000000000001,1535
2235000000000001,1363
2236000000000001,1412
2237000000000001,1483
2238000000000001,1371
2239000000000001,846
2240000000000001,775
2241000000000001,1591
2242000000000001,1448
2243000000000001,1371
2244000000000001,1369
2245000000000001,1687
2246000000000001,783
2247000000000001,1690
2248000000000001,1249
2249000000000001,1366
2250000000000001,1228
2251000000000001,1527
2252000000000001,1393
2253000000000001,1389
2254000000000001,923
2255000000000001,1507
2256000000000001,1576
2257000000000001,1474
2258000000000001,1410
2259000000000001,1567
2260000000000001,1546
2261000000000001,1100
2262000000000001,1416
2263000000000001,1374
2264000000000001,1316
2265000000000001,1450
2266000000000001,1680
2267000000000001,1348
2268000000000001,800
2269000000000001,1418
2270000000000001,926
2271000000000001,1936
2272000000000001,1358
2273000000000001,1626
2274000000000001,1281
2275000000000001,795
2276000000000001,1524
2277000000000001,1696
2278000000000001,1799
2279000000000001,1465
2280000000000001,1439
2281000000000001,851
2282000000000001,1615
2283000000000001,864
2284000000000001,1384
2285000000000001,1480
2286000000000001,1447
2287000000000001,1511
2288000000000001,1419
2289000000000001,1458
2290000000000001,1585
2291000000000001,1365
2292000000000001,1490
2293000000000001,1480
2294000000000001,1311
2295000000000001,1497
2296000000000001,1592
2297000000000001,1625
2298000000000001,1628
2299000000000001,1705
2300000000000001,1583
2301000000000001,1374
2302000000000001,1435
2303000000000001,1438
2304000000000001,1797
2305000000000001,1285
2306000000000001,1495
2307000000000001,1636
2308000000000001,989
2309000000000001,1746
2310000000000001,1569
2311000000000001,856
2312000000000001,1620
2313000000000001,1873
2314000000000001,1724
2315000000000001,1486
2316000000000001,1440
2317000000000001,1340
2318000000000001,1600
2319000000000001,1544
2320000000000001,969
2321000000000001,1596
2322000000000001,1379
2323000000000001,1551
2324000000000001,1390
2325000000000001,1531
2326000000000001,1042
2327000000000001,1810
2328000000000001,1410
2329000000000001,1349
2330000000000001,977
2331000000000001,1513
2332000000000001,1698
2333000000000001,1496
2334000000000001,1392
2335000000000001,1443
2336000000000001,1444
2337000000000001,1421
2338000000000001,1361
2339000000000001,1439
2340000000000001,1509
2341000000000001,1585
2342000000000001,1470
2343000000000001,1501
2344000000000001,1040
2345000000000001,1719
2346000000000001,1446
2347000000000001,805
2348000000000001,1622
2349000000000001,1395
2350000000000001,902
2351000000000001,1660
2352000000000001,1496
2353000000000001,1531
2354000000000001,1407
2355000000000001,821
2356000000000001,1295
2357000000000001,1363
2358000000000001,1496
2359000000000001,1424
2360000000000001,2018
2361000000000001,1811
2362000000000001,1629
2363000000000001,1623
2364000000000001,1516
2365000000000001,1241
2366000000000001,1613
2367000000000001,1068
2368000000000001,1433
2369000000000001,1738
2370000000000001,1155
2371000000000001,1662
2372000000000001,1770
2373000000000001,1603
2374000000000001,1557
2375000000000001,1515
2376000000000001,1404
2377000000000001,1512
2378000000000001,1557
2379000000000001,1160
2380000000000001,1512
2381000000000001,1486
2382000000000001,1517
2383000000000001,961
2384000000000001,1980
2385000000000001,1208
2386000000000001,1392
2387000000000001,1475
2388000000000001,1213
2389000000000001,1012
2390000000000001,1846
2391000000000001,1360
2392000000000001,1293
2393000000000001,852
2394000000000001,2214
2395000000000001,1065
2396000000000001,1594
2397000000000001,1636
2398000000000001,1766
2399000000000001,1907
2400000000000001,1806
2401000000000001,1830
2402000000000001,1690
2403000000000001,1700
2404000000000001,1632
2405000000000001,1494
2406000000000001,1593
2407000000000001,1622
2408000000000001,875
2409000000000001,1662
2410000000000001,1307
2411000000000001,1549
2412000000000001,790
2413000000000001,1451
2414000000000001,1549
2415000000000001,1577
2416000000000001,1410
2417000000000001,1468
2418000000000001,1548
2419000000000001,1606
2420000000000001,1513
2421000000000001,1504
2422000000000001,1356
2423000000000001,1340
2424000000000001,1485
2425000000000001,1155
2426000000000001,2140
2427000000000001,893
2428000000000001,1784
2429000000000001,1697
2430000000000001,1574
2431000000000001,1743
2432000000000001,1627
2433000000000001,1403
2434000000000001,1629
2435000000000001,1948
2436000000000001,1717
2437000000000001,1726
2438000000000001,906
2439000000000001,1833
2440000000000001,880
2441000000000001,1745
2442000000000001,1658
2443000000000001,852
2444000000000001,1493
2445000000000001,1658
2446000000000001,736
2447000000000001,1678
2448000000000001,1456
2449000000000001,1544
2450000000000001,1656
2451000000000001,1699
2452000000000001,1531
2453000000000001,827
2454000000000001,1175
2455000000000001,1535
2456000000000001,1748
2457000000000001,1435
2458000000000001,825
2459000000000001,1512
2460000000000001,1463
2461000000000001,1497
2462000000000001,1793
2463000000000001,1614
2464000000000001,2023
2465000000000001,1525
2466000000000001,1347
2467000000000001,1557
2468000000000001,1506
2469000000000001,1426
2470000000000001,1603
2471000000000001,1632
2472000000000001,1568
2473000000000001,1620
2474000000000001,1406
2475000000000001,1619
2476000000000001,845
2477000000000001,1080
2478000000000001,1596
2479000000000001,1746
2480000000000001,950
2481000000000001,1553
2482000000000001,1628
2483000000000001,1725
2484000000000001,1756
2485000000000001,1588
2486000000000001,1122
2487000000000001,1430
2488000000000001,1891
2489000000000001,1510
2490000000000001,1727
2491000000000001,1432
2492000000000001,1580
2493000000000001,1526
2494000000000001,1521
2495000000000001,1608
2496000000000001,1675
2497000000000001,997
2498000000000001,1882
2499000000000001,1491
2500000000000001,1473
2501000000000001,1699
2502000000000001,1714
2503000000000001,1457
2504000000000001,1801
2505000000000001,1516
2506000000000001,1618
2507000000000001,915
2508000000000001,1594
2509000000000001,1495
2510000000000001,969
2511000000000001,1655
2512000000000001,1445
2513000000000001,1014
2514000000000001,1664
2515000000000001,2133
2516000000000001,1755
2517000000000001,1553
2518000000000001,1439
2519000000000001,1809
2520000000000001,1324
2521000000000001,1925
2522000000000001,1658
2523000000000001,847
2524000000000001,1621
2525000000000001,1698
2526000000000001,1017
2527000000000001,2046
2528000000000001,1622
2529000000000001,1072
2530000000000001,1727
2531000000000001,1633
2532000000000001,1583
2533000000000001,1563
2534000000000001,1022
2535000000000001,1901
2536000000000001,1471
2537000000000001,1609
2538000000000001,1547
2539000000000001,1381
2540000000000001,1760
2541000000000001,872
2542000000000001,1644
2543000000000001,1610
2544000000000001,1904
2545000000000001,1562
2546000000000001,812
2547000000000001,1815
2548000000000001,1510
2549000000000001,1608
2550000000000001,1521
2551000000000001,1725
2552000000000001,1669
2553000000000001,1610
2554000000000001,1560
2555000000000001,1743
2556000000000001,1639
2557000000000001,1791
2558000000000001,1457
2559000000000001,881
2560000000000001,1716
2561000000000001,1278
2562000000000001,1435
2563000000000001,1527
2564000000000001,1124
2565000000000001,1107
2566000000000001,1370
2567000000000001,1326
2568000000000001,1152
2569000000000001,1061
2570000000000001,1342
2571000000000001,1244
